Workbook

Sheet Status
B1: 优先接待 | D1: 模态 | E1: 流程 | F1: 容器数量 | G1: 托盘/包装数量 | H1: 货物抵达港口日期 | I1: 状态 当前操作 | J1: 详情 当前操作 | K1: 负责部门 | L1: 预计抵达埃莱特拉 | N1: 海关清关时间 | P1: 重要观察 | W1: 最终当前操作 | X1: 负责部门 | Y1: 下一步 | Z1: 文件 | AA1: 预计抵达埃莱特拉
B2: Order of Priority | D2: Modal | E2: Process | F2: Qty CTNR | G2: Qty Pallets/packages | H2: Date of Cargo Presence | I2: Status Current Action | J2: Details Current action | K2: Responsible Departament | L2: Expecting arrival at Eletra (ETE) | N2: Customs Clearance Time | P2: Remank | W2: Final Current Action | X2: Responsible Departament | Y2: Next Step | Z2: Document | AA2: Expecting arrival at Eletra | AC2: Armazenagem paga?
B3: 1 | D3: Sea | E3: NH-019A/2025 | F3: 0.5 | G3: 16 packages | H3: 46093 | I3: =BC!$A$15 -> 14 - Pending delivery to Eletra/PCDM | J3: =BC!$B$15 -> Waiting for the container to arrive at Eletra/PCDM | K3: CIPP (Port authority)/APM | L3: 46122 | N3: =L3-H3 -> 29 | P3: Cargo unloaded yesterday at the port. Storage fees paid. The Port has only authorized transport to Eletra for tomorrow at noon. | W3: 46114 | X3: Finance Team | Y3: =BC!$A$15 -> 14 - Pending delivery to Eletra/PCDM | Z3: NF 8948 | AA3: Estimated delivery date at Eletra April 06th
B4: 1 | D4: Sea | E4: Z-001A/2026 | F4: 0.5 | G4: 759 cartons/21 packages | H4: 46093 | I4: =BC!$A$15 -> 14 - Pending delivery to Eletra/PCDM | J4: =BC!$B$15 -> Waiting for the container to arrive at Eletra/PCDM | K4: CIPP (Port authority)/APM | L4: 46122 | N4: =L4-H4 -> 29 | P4: Cargo unloaded yesterday at the port. Storage fees paid. The Port has only authorized transport to Eletra for tomorrow at noon. | W4: 46114 | X4: TAX TEAM | Y4: =BC!$A$13 -> 12 - Pending approval of invoice | Z4: NF | AA4: Estimated delivery date at Eletra April 06th
B5: 1 | D5: Sea | E5: NH-019B/2025 | F5: 0.5 | G5: 13 packages | H5: 46093 | I5: =BC!A15 -> 14 - Pending delivery to Eletra/PCDM | J5: =BC!B15 -> Waiting for the container to arrive at Eletra/PCDM | K5: CIPP (Port authority)/APM | L5: 46122 | N5: =L5-H5 -> 29 | P5: Cargo unloaded yesterday at the port. Storage will be paid today to request transport authorization to Eletra. Comex Team is in direct contact with the port. | W5: 46114 | X5: Finance Team | Y5: =BC!$A$15 -> 14 - Pending delivery to Eletra/PCDM | Z5: NF | AA5: Estimated delivery date at Eletra April 08th
B6: 1 | D6: Sea | E6: Z-001B/2026 | F6: 0.5 | G6: 619 cartons/20 packages | H6: 46093 | I6: =BC!A13 -> 12 - Pending approval of invoice | J6: =BC!B13 -> Waiting for approval from SEFAZ | K6: SEFAZ (Tax Authority) | L6: 46127 | N6: =L6-H6 -> 34 | P6: Cargo unloaded yesterday at the port. Storage will be paid today. Invoice (NF) issued yesterday. Awaiting release of the invoice by SEFAZ (State Customs). We are in contact with SEFAZ to expedite the process. | W6: 46114 | X6: RFB (Customs Authority) | Y6: =BC!A5 -> 4 - Pending post-registration tax clearance | Z6: DUIMP | AA6: Estimated delivery date at Eletra April 06th
B7: 2 | D7: Air | E7: IPH-008/2026 | G7: 2 packages | H7: 46098 | I7: =BC!$A$13 -> 12 - Pending approval of invoice | J7: =BC!$B$13 -> Waiting for approval from SEFAZ | K7: SEFAZ (Tax Authority) | L7: 46122 | N7: =L7-H7 -> 24 | W7: 46114 | X7: TAX TEAM | Y7: =BC!A6 -> 5 - Pending raw material resolution | Z7: GLME | AA7: Estimated delivery date at Eletra April 07th
B8: 1 | D8: Air | E8: Z-009/2026 | G8: 1 carton | H8: 46119 | I8: =BC!A3 -> 3 - Pending DUIMP registration | J8: =BC!A3 -> 3 - Pending DUIMP registration | K8: COMEX TEAM/BROKER | L8: 46126 | N8: =L8-H8 -> 7 | W8: 46113 | X8: BROKER | Y8: =BC!A6 -> 5 - Pending raw material resolution | Z8: DUIMP | AA8: Estimated delivery date at Eletra April 22th
B9: 4 | D9: Sea | E9: E-017/2025 | F9: 1 | G9: 18 packages | H9: 46092 | I9: =BC!$A$12 -> 11 - Pending issuance of invoice | J9: =BC!$B$12 -> Waiting for Eletra's Tax Team to issue the invoice | K9: IT TEAM / TAX TEAM | L9: 46127 | N9: =L9-H9 -> 35 | W9: 46114 | X9: CIPP | Y9: =BC!A2 -> 2 - Pending cargo presence | AA9: Estimated delivery date at Eletra April 22th
B10: 4 | D10: Sea | E10: 068G/2025 | F10: 2 | G10: 36 pallets | H10: 46113 | I10: =BC!A12 -> 11 - Pending issuance of invoice | J10: =BC!$B$12 -> Waiting for Eletra's Tax Team to issue the invoice | K10: TAX TEAM | L10: 46134 | N10: =L10-H10 -> 21 | W10: 46113 | X10: BROKER | Y10: =BC!A5 -> 4 - Pending post-registration tax clearance | Z10: DUIMP | AA10: Estimated delivery date at Eletra April 22th
B11: 4 | D11: Sea | E11: 002A/2026 | F11: 2 | H11: 46118 | I11: =BC!$A$5 -> 4 - Pending post-registration tax clearance | J11: =BC!$B$5 -> Waiting for Eletra's Tax Team to complete post-registration | K11: TAX TEAM | L11: 46134 | N11: =L11-H11 -> 16 | W11: 46114 | X11: CIPP | Y11: =BC!A3 -> 3 - Pending DUIMP registration | AA11: Estimated delivery date at Eletra April 22th
B12: 4 | D12: Sea | E12: 002B/2026 | F12: 0.5 | H12: 46120 | I12: =BC!$A$3 -> 3 - Pending DUIMP registration | J12: =BC!$B$3 -> Waiting for the Customs Broker to register the DUIMP | K12: COMEX TEAM/BROKER | L12: 46134 | N12: =L12-H12 -> 14 | W12: 46114 | X12: CIPP | Y12: =BC!A3 -> 3 - Pending DUIMP registration | AA12: Estimated delivery date at Eletra April 22th
B13: 4 | D13: Sea | E13: 002C/2026 | F13: 0.5 | G13: 2 packages | H13: 46120 | I13: =BC!$A$3 -> 3 - Pending DUIMP registration | J13: =BC!$B$3 -> Waiting for the Customs Broker to register the DUIMP | K13: COMEX TEAM/BROKER | L13: 46134 | N13: =L13-H13 -> 14 | W13: 46114 | X13: CIPP | Y13: =BC!A3 -> 3 - Pending DUIMP registration | AA13: Estimated delivery date at Eletra April 22th
B14: 4 | D14: Sea | E14: 001A/2026 | I14: Waiting Arrival at port | J14: estimated time of arrival April 22th | L14: 46153 | W14: -
B15: 4 | D15: Sea | E15: 001B/2026 | I15: Waiting Arrival at port | J15: estimated time of arrival April 22th | L15: 46153 | W15: -
B16: 3 | D16: Sea | E16: NH-001/2026 | I16: Waiting Arrival at port | J16: estimated time of arrival April 14th | L16: 46146 | W16: -
B17: 4 | D17: Sea | E17: Z-003A/2026 | I17: Waiting Arrival at port | J17: estimated time of arrival April 14th | L17: 46146 | W17: -
B18: 4 | D18: Sea | E18: Z-003B/2026 | I18: Waiting Arrival at port | J18: estimated time of arrival April 21th | L18: 46153 | W18: -
B19: 3 | D19: Sea | E19: 003A/2026 | I19: Waiting Arrival at port | J19: estimated time of arrival April 21th | L19: 46153 | W19: -
B20: 3 | D20: Sea | E20: 003C/2026 | I20: Waiting Arrival at port | J20: estimated time of arrival April 21th | L20: 46153 | W20: -
B21: 3 | D21: Sea | E21: 003D/2026 | I21: Waiting Arrival at port | J21: estimated time of arrival April 21th | L21: 46153 | W21: -
B22: 3 | D22: Sea | E22: 003H/2026 | I22: Waiting Arrival at port | J22: estimated time of arrival April 26th | L22: 46153 | W22: -
B23: 4 | D23: Sea | E23: 003B/2026 | I23: Waiting Arrival at port | J23: estimated time of arrival April 21th | L23: 46153 | W23: -

Sheet BC
B1: Waiting for the container to arrive at the port | D1: Presence of cargo
A2: 2 - Pending cargo presence | B2: Waiting for the freight forwarder to notify arrival of cargo | C2: 48h | D2: DUIMP registration | E2: CIPP / Customs Broker
A3: 3 - Pending DUIMP registration | B3: Waiting for the Customs Broker to register the DUIMP | C3: 24h | E3: Customs Broker | F3: DUIMP
A4: 3.1 - Pending customs clearance of the DUIMP | B4: Pending customs clearance of the DUIMP - Yellow Channel | C4: TBD | D4: Post-registration tax
A5: 4 - Pending post-registration tax clearance | B5: Waiting for Eletra's Tax Team to complete post-registration | C5: 24h | D5: Raw material resolution | E5: Tax Team Eletra
A6: 5 - Pending raw material resolution | B6: Waiting for Eletra's Tax Team to sign raw material resolution | C6: Same day | D6: GLME approval | E6: Tax Team Eletra
A7: 6 - Pending benefit approval | B7: Awaiting approval of the GLME by SEFAZ | C7: 72h | D7: Sending of storage invoice by CIPP | E7: SEFAZ (Tax Authority) | F7: GLME
A8: 7 - Pending storage invoice | B8: Waiting for CIPP to send storage invoice | C8: 48h | D8: Validation of storage invoice by Eletra Tax Team | E8: CIPP | F8: Storage invoice
A9: 8 - Pending storage invoice validation | B9: Waiting for Eletra's Tax Team to validate the storage invoice | C9: 24h | D9: Payment of storage | E9: Tax Team Eletra | F9: Storage invoice
A10: 9 - Pending storage payment | B10: Waiting for Eletra's Finance Team to make the storage payment | C10: 24h | D10: Storage write-off | E10: Finance Team Eletra | F10: Storage invoice
A11: 10 - Pending removal from storage | B11: Waiting for CIPP to write off the storage payment | C11: 24h | D11: Issuance of invoice | E11: CIPP | F11: Storage invoice
A12: 11 - Pending issuance of invoice | B12: Waiting for Eletra's Tax Team to issue the invoice | C12: 24h | D12: Approval of invoice | E12: Tax Team Eletra | F12: Invoice (NF)
A13: 12 - Pending approval of invoice | B13: Waiting for approval from SEFAZ | C13: 48h | D13: Issuance of subsidiary invoices | E13: SEFAZ (Tax Authority) | F13: Invoice (NF)
A14: 13 - Pending issuance of split invoices | B14: Waiting for Comex Team to issues split invoices | C14: Same day | D14: Delivery of container to Eletra | E14: Tax Team Eletra | F14: Split invoices
A15: 14 - Pending delivery to Eletra/PCDM | B15: Waiting for the container to arrive at Eletra/PCDM | D15: Receipt of container
A16: 15 - Delivered at Eletra/Livoltek | B16: Delivered and received at Eletra/Livoltek
B17: Waiting for the Customs Broker to register the DUIMP
A19: 1 - Awaiting Arrival at port | B19: Aguardando o container chegar no porto | D19: Presença de carga
A20: 2 - Pendente presença de carga | B20: Aguardando despachante notificar chegada da carga | C20: 48h | D20: Regsitro da DUIMP | E20: CIPP / Customs Broekr
A21: 3 - Pendente registro da DUIMP | B21: Aguardando despachante realizar registro da DUIMP | C21: 24h | D21: Pós registro Fiscal | E21: Customs Broker
A22: 4 - Pendente pós registro Fiscal | B22: Aguadandando Time Fiscal Eletra realizar o pós registro | C22: 24h | D22: Resolução de matéria-prima | E22: Tax Team Eletra
A23: 5 - Pendente resolução de matéria-prima | B23: Aguardando Time Fiscal Eletra assinar resolução de matéria-prima | C23: Mesmo dia | D23: Deferimento da GLME | E23: Tax Team Eletra
A24: 6 - Pending benefit approval | B24: awaiting approval of the GLME by SEFAZ | C24: 72h | D24: Envio do boleto de armazenagem pela CIPP | E24: SEFAZ (Tax Authority)
A25: 7 - Pendente boleto de armazenagem | B25: Aguardando CIPP enviar boleto de armazenagem | C25: 48h | D25: Validação do boelto de armazenagem pelo Time Fiscal Eletra | E25: CIPP
A26: 8 - Pendente validação do boleto de armazenagem | B26: Aguardando Time Fiscal Eletra validar o boleto de armazenagem | C26: 24h | D26: Pagamento da armazenagem | E26: Tax Team Eletra
A27: 9 - Pendente pagamento da armazenagem | B27: Aguardando Time Financeiro Eletra realizar pagamento da armazenagem | C27: 24h | D27: Baixa da armazenagem | E27: Finance Team Eletra
A28: 10 - Pendente baixa da armazenagem | B28: Aguardando CIPP realizar baixa no pagamento da armazenagem | C28: 24h | D28: Emissão da Nota Fiscal | E28: CIPP
A29: 11 - Pendente emissão da Nota Fiscal | B29: Aguardando Time Fiscal Eletra emitir nota fiscal | C29: 24h | D29: Homologação da Nota Fiscal | E29: Tax Team Eletra
A30: 12 - Pendente homologação da Nota Fiscal | B30: Aguardando aprovação da SEFAZ | C30: 48h | D30: Emissão das Notas Fiscais Filhas | E30: SEFAZ (Tax Authority)
A31: 13 - Pendente emissão das notas filhas | B31: Aguardando Time Fiscal Eletra emitir notas fiscais filhas | C31: Mesmo dia | D31: Entrega do conteiner na Eletra | E31: Tax Team Eletra
A32: 14 - Pendente entrega na Eletra | B32: Aguardando chegada do conteiner na Eletra | D32: Recebimento do conteiner

Sheet Delivered
B1: 优先接待 | D1: 模态 | E1: 流程 | F1: 容器数量 | I1: 状态 当前操作 | J1: 详情 当前操作 | K1: 负责部门 | L1: 预计抵达埃莱特拉 | W1: 最终当前操作 | X1: 负责部门 | Y1: 下一步 | Z1: 文件 | AA1: 预计抵达埃莱特拉
B2: Order of Priority | D2: Modal | E2: Process | F2: Qty CTNR | G2: Qty Pallets/packages | H2: Date of Port Arrival | I2: Status Current Action | J2: Details Current action | K2: Responsible Departament | L2: Expecting arrival at Eletra (ETE) | W2: Final Current Action | X2: Responsible Departament | Y2: Next Step | Z2: Document | AA2: Expecting arrival at Eletra | AC2: Armazenagem paga?
D4: Air | E4: 006/2026 | F4: n/a | I4: Delivered | J4: =BC!$B$16 -> Delivered and received at Eletra/Livoltek | K4: CK Logistics | W4: (March 27th) | X4: CK Logistics | Z4: NF 8951 | AA4: Delivered at March 27th
D5: Sea | E5: 064A/2025 | I5: Delivered | J5: =BC!$B$16 -> Delivered and received at Eletra/Livoltek | K5: CK Logistic | W5: Today (March 20th) | X5: CK Logistic | Y5: Delivery of container to Eletra | Z5: - | AA5: Estimated delivery at Eletra today March 20th
D6: Sea | E6: 064B/2025 | I6: Delivered | J6: =BC!$B$16 -> Delivered and received at Eletra/Livoltek | K6: CK Logistic | W6: Today (March 20th) | X6: CK Logistic | Y6: Delivery of container to Eletra | Z6: - | AA6: Delivered at Eletra today March 20th
D7: Sea | E7: 064C/2025 | F7: 3 | I7: Delivered | J7: =BC!$B$16 -> Delivered and received at Eletra/Livoltek | K7: Receiving Team | W7: Today (March 24th) | X7: Receiving Team | Y7: Receivement | AA7: Estimated date at Eletra March 24th
D8: Sea | E8: 064E/2025 | I8: Delivered | J8: =BC!$B$16 -> Delivered and received at Eletra/Livoltek | K8: CK Logistic | W8: Today (March 20th) | X8: CK Logistic | Y8: Delivery of container to Eletra | Z8: - | AA8: Estimated delivery at Eletra today March 20th
D9: Sea | E9: 064F/2025 | I9: Delivered | J9: =BC!$B$16 -> Delivered and received at Eletra/Livoltek | K9: CK Logistic | W9: Today (March 20th) | X9: CK Logistic | Y9: Delivery of container to Eletra | Z9: - | AA9: Estimated delivery at Eletra today March 20th
D10: Sea | E10: 064G/2025 | I10: Delivered | J10: =BC!$B$16 -> Delivered and received at Eletra/Livoltek | K10: CK Logistic | W10: Today (March 20th) | X10: CK Logistic | Y10: Delivery of container to Eletra | Z10: - | AA10: Estimated delivery at Eletra today March 20th
D11: Sea | E11: 068A/2025 | F11: 0.5 | I11: Delivered | J11: =BC!$B$16 -> Delivered and received at Eletra/Livoltek | K11: Receiving Team | W11: Today (March 24th) | X11: Receiving Team | Y11: Receivement | Z11: 8933 | AA11: Estimated date at Eletra March 24th
B12: 1 | D12: Sea | E12: 068B/2025 | F12: 1 | G12: 54 pallets | I12: Delivered | J12: =BC!$B$16 -> Delivered and received at Eletra/Livoltek | K12: COMEX TEAM/CK LOGISTICS | L12: 46120 | W12: 46118 | X12: SEFAZ (Tax Authority) | Y12: =BC!$A$15 -> 14 - Pending delivery to Eletra/PCDM | Z12: NF 9062 | AA12: Estimated time arrival to Eletra at April 07th. SEFAZ didn´t authorized Fiscal Note, and due te holiday, we expect the auhorization at April 06th | AI12: Possibilidade de risco
B13: 2 | D13: Sea | E13: 068C/2025 | F13: 3 | G13: 139 pallets | I13: Delivered | J13: =BC!$B$16 -> Delivered and received at Eletra/Livoltek | K13: COMEX TEAM/CK LOGISTICS | L13: 46119 | W13: 46118 | X13: SEFAZ (Tax Authority) | Y13: =BC!$A$15 -> 14 - Pending delivery to Eletra/PCDM | Z13: NF 9085 | AA13: Estimated time arrival to Eletra at April 07th. SEFAZ didn´t auhtorized Fiscal Note, and due te holiday, we expect the auhorization at April 06th
B14: 1 | D14: Sea | E14: 068D/2025 | F14: 3 | G14: 163 pallets | H14: 46093 | I14: Delivered | J14: =BC!B15 -> Waiting for the container to arrive at Eletra/PCDM | K14: COMEX TEAM/CK LOGISTICS | L14: 46121 | N14: =L14-H14 -> 28 | W14: 46118 | X14: SEFAZ (Tax Authority) | Y14: =BC!$A$15 -> 14 - Pending delivery to Eletra/PCDM | Z14: NF 9083 | AA14: Estimated time arrival to Eletra at April 07th. SEFAZ didn´t auhtorized Fiscal Note, and due te holiday, we expect the auhorization at April 06th
B15: 1 | D15: Sea | E15: 068E/2025 | F15: 2 | I15: Delivered | J15: =BC!$B$16 -> Delivered and received at Eletra/Livoltek | K15: Comex Team | L15: 46114 | W15: 46114 | X15: Comex Team | Y15: =BC!A16 -> 15 - Delivered at Eletra/Livoltek | Z15: NF 8989 | AA15: Estimated time arrival to Eletra: April 02th
B16: 2 | D16: Sea | E16: 068F/2025 | F16: 0.5 | I16: Delivered | K16: Receiving Team | W16: Today (March 24th) | X16: Receiving Team | Y16: Receivement | AA16: Estimated date at Eletra March 24th
D17: Air | E17: HB-001/2026 | I17: Delivered | J17: Awaiting for the material to arrive at Eletra | K17: CK Logistic (Transport Company) | W17: Today (March 20th) | X17: CK Logistic (Transport Company) | Y17: Delivery of material to Eletra | Z17: NF (Invoice) | AA17: Estimated delivery at Eletra today March 20th
D18: Sea | E18: NH-017/2025 | F18: 1 | I18: Delivered | K18: CK Logistics | W18: (March 27th) | X18: CK Logistics | Z18: NF 8961 | AA18: Delivered at March 27th
B19: 2 | D19: Air | E19: IPH-008/2026 | G19: 2 packages | H19: 46098 | I19: =BC!$A$13 -> 12 - Pending approval of invoice | J19: =BC!$B$13 -> Waiting for approval from SEFAZ | K19: SEFAZ (Tax Authority) | L19: 46121 | N19: =L19-H19 -> 23 | W19: 46114 | X19: TAX TEAM | Y19: =BC!A6 -> 5 - Pending raw material resolution | Z19: GLME | AA19: Estimated delivery date at Eletra April 07th
B20: 1 | D20: Sea | E20: NH-019A/2025 | F20: 0.5 | G20: 16 packages | H20: 46093 | I20: =BC!A15 -> 14 - Pending delivery to Eletra/PCDM | J20: =BC!B15 -> Waiting for the container to arrive at Eletra/PCDM | K20: CIPP (Port authority)/APM | L20: 46121 | N20: =L20-H20 -> 28 | W20: 46114 | X20: Finance Team | Y20: =BC!$A$15 -> 14 - Pending delivery to Eletra/PCDM | Z20: NF 8948 | AA20: Estimated delivery date at Eletra April 06th
B21: 1 | D21: Sea | E21: Z-001A/2026 | F21: 0.5 | G21: 759 cartons/21 packages | H21: 46093 | I21: =BC!$A$13 -> 12 - Pending approval of invoice | J21: =BC!$B$13 -> Waiting for approval from SEFAZ | K21: SEFAZ (Tax Authority) | L21: 46122 | N21: =L21-H21 -> 29 | W21: 46114 | X21: TAX TEAM | Y21: =BC!$A$13 -> 12 - Pending approval of invoice | Z21: NF | AA21: Estimated delivery date at Eletra April 06th
B22: 1 | D22: Sea | E22: NH-019B/2025 | F22: 0.5 | G22: 13 packages | H22: 46093 | I22: =BC!A15 -> 14 - Pending delivery to Eletra/PCDM | J22: =BC!B15 -> Waiting for the container to arrive at Eletra/PCDM | K22: CIPP (Port authority)/APM | L22: 46121 | N22: =L22-H22 -> 28 | W22: 46114 | X22: Finance Team | Y22: =BC!$A$15 -> 14 - Pending delivery to Eletra/PCDM | Z22: NF | AA22: Estimated delivery date at Eletra April 08th
B23: 1 | D23: Sea | E23: Z-001B/2026 | F23: 0.5 | G23: 619 cartons/20 packages | H23: 46093 | I23: =BC!A13 -> 12 - Pending approval of invoice | J23: =BC!B13 -> Waiting for approval from SEFAZ | K23: SEFAZ (Tax Authority) | L23: 46127 | N23: =L23-H23 -> 34 | W23: 46114 | X23: RFB (Customs Authority) | Y23: =BC!A5 -> 4 - Pending post-registration tax clearance | Z23: DUIMP | AA23: Estimated delivery date at Eletra April 06th
B24: 4 | D24: Sea | E24: E-017/2025 | F24: 1 | G24: 18 packages | H24: 46092 | I24: =BC!$A$12 -> 11 - Pending issuance of invoice | J24: =BC!$B$12 -> Waiting for Eletra's Tax Team to issue the invoice | K24: TAX TEAM/IT TEAM | L24: 46127 | N24: =L24-H24 -> 35 | W24: 46114 | X24: CIPP | Y24: =BC!A2 -> 2 - Pending cargo presence | AA24: Estimated delivery date at Eletra April 22th
B25: 4 | D25: Sea | E25: 002A/2026 | F25: 2 | G25: 46112 | H25: 46118 | I25: =BC!$A$5 -> 4 - Pending post-registration tax clearance | J25: =BC!$B$5 -> Waiting for Eletra's Tax Team to complete post-registration | K25: TAX TEAM | L25: 46134 | N25: =L25-H25 -> 16 | W25: 46114 | X25: CIPP | Y25: =BC!A3 -> 3 - Pending DUIMP registration | AA25: Estimated delivery date at Eletra April 22th
B26: 4 | D26: Sea | E26: 002B/2026 | F26: 0.5 | G26: 46112 | H26: 46120 | I26: =BC!$A$3 -> 3 - Pending DUIMP registration | J26: =BC!$B$3 -> Waiting for the Customs Broker to register the DUIMP | K26: COMEX TEAM/BROKER | L26: 46134 | N26: =L26-H26 -> 14 | W26: 46114 | X26: CIPP | Y26: =BC!A3 -> 3 - Pending DUIMP registration | AA26: Estimated delivery date at Eletra April 22th
B27: 4 | D27: Sea | E27: 002C/2026 | F27: 0.5 | G27: 2 packages | H27: 46120 | I27: =BC!$A$3 -> 3 - Pending DUIMP registration | J27: =BC!$B$3 -> Waiting for the Customs Broker to register the DUIMP | K27: COMEX TEAM/BROKER | L27: 46134 | N27: =L27-H27 -> 14 | W27: 46114 | X27: CIPP | Y27: =BC!A3 -> 3 - Pending DUIMP registration | AA27: Estimated delivery date at Eletra April 22th
B28: 4 | D28: Sea | E28: 068G/2025 | F28: 2 | G28: 36 pallets | H28: 46113 | I28: =BC!A13 -> 12 - Pending approval of invoice | J28: Waiting Invoice (NF) file from Broker | K28: COMEX TEAM/BROKER | L28: 46134 | N28: =L28-H28 -> 21 | W28: 46113 | X28: BROKER | Y28: =BC!A5 -> 4 - Pending post-registration tax clearance | Z28: DUIMP | AA28: Estimated delivery date at Eletra April 22th
B29: 1 | D29: Air | E29: Z-009/2026 | G29: 1 carton | H29: 46119 | I29: =BC!A3 -> 3 - Pending DUIMP registration | J29: =BC!A3 -> 3 - Pending DUIMP registration | K29: COMEX TEAM/BROKER | L29: 46126 | N29: =L29-H29 -> 7 | W29: 46113 | X29: BROKER | Y29: =BC!A6 -> 5 - Pending raw material resolution | Z29: DUIMP | AA29: Estimated delivery date at Eletra April 22th
B30: 5 | D30: Sea | E30: 001A/2026 | I30: Waiting Arrival at port | J30: estimated time of arrival April 22th | L30: 46153 | N30: =L30-H30 -> 46153 | W30: -
B31: 5 | D31: Sea | E31: 001B/2026 | I31: Waiting Arrival at port | J31: estimated time of arrival April 22th | L31: 46153 | N31: =L31-H31 -> 46153 | W31: -
B32: 3 | D32: Sea | E32: NH-001/2026 | I32: Waiting Arrival at port | J32: estimated time of arrival April 14th | L32: 46146 | N32: =L32-H32 -> 46146 | W32: -
B33: 5 | D33: Sea | E33: Z-003A/2026 | I33: Waiting Arrival at port | J33: estimated time of arrival April 14th | L33: 46146 | N33: =L33-H33 -> 46146 | W33: -
B34: 5 | D34: Sea | E34: Z-003B/2026 | I34: Waiting Arrival at port | J34: estimated time of arrival April 21th | L34: 46153 | N34: =L34-H34 -> 46153 | W34: -
B35: 3 | D35: Sea | E35: 003A/2026 | I35: Waiting Arrival at port | J35: estimated time of arrival April 21th | L35: 46153 | N35: =L35-H35 -> 46153 | W35: -
B36: 3 | D36: Sea | E36: 003C/2026 | I36: Waiting Arrival at port | J36: estimated time of arrival April 21th | L36: 46153 | N36: =L36-H36 -> 46153 | W36: -
B37: 3 | D37: Sea | E37: 003D/2026 | I37: Waiting Arrival at port | J37: estimated time of arrival April 21th | L37: 46153 | N37: =L37-H37 -> 46153 | W37: -
B38: 3 | D38: Sea | E38: 003H/2026 | I38: Waiting Arrival at port | J38: estimated time of arrival April 26th | L38: 46153 | N38: =L38-H38 -> 46153 | W38: -
B39: 4 | D39: Sea | E39: 003B/2026 | I39: Waiting Arrival at port | J39: estimated time of arrival April 21th | L39: 46153 | N39: =L39-H39 -> 46153 | W39: -
